id,name,type,tier,paywall,extraction_strategy,status,status_detail,prediction_use,url,rss,topic_tags,notes
semianalysis,SemiAnalysis,blog,1,partial,trafilatura,wired,news-rss-daily,"Corroboration, narrative velocity, independent reporting; fetched by news adapter.",https://semianalysis.com/,https://semianalysis.com/feed/,foundry;gpu;hbm;hyperscaler;semicap;packaging,Dylan Patel — single best independent semis source; some posts paywalled
stratechery,Stratechery,blog,1,hard,trafilatura,wired,news-rss-daily,"Corroboration, narrative velocity, independent reporting; fetched by news adapter.",https://stratechery.com/,https://stratechery.com/feed/,hyperscaler;software;geopolitics;m_and_a,"Ben Thompson — strategic framing; daily updates paywalled, weekly free"
the-information,The Information,news_outlet,1,hard,trafilatura,wired,news-rss-daily,"Corroboration, narrative velocity, independent reporting; fetched by news adapter.",https://www.theinformation.com/,https://www.theinformation.com/feed,hyperscaler;gpu;neocloud;m_and_a;capex,Atom feed; high-signal scoops on hyperscaler/AI deals; mostly paywalled
digitimes,DigiTimes,news_outlet,1,partial,trafilatura,wired,news-rss-daily,"Corroboration, narrative velocity, independent reporting; fetched by news adapter.",https://www.digitimes.com/,https://www.digitimes.com/rss/daily.xml,foundry;taiwan;packaging;semicap;hbm,Taiwan supply-chain rumors — earliest signal on TSMC/ASE moves
ee-times,EE Times,news_outlet,1,partial,trafilatura,wired,news-rss-daily,"Corroboration, narrative velocity, independent reporting; fetched by news adapter.",https://www.eetimes.com/,https://www.eetimes.com/feed/,semicap;eda;ip;packaging;networking,Veteran trade pub; EDA/IP/process coverage
trendforce,TrendForce,news_outlet,1,none,trafilatura,wired,news-rss-daily,"Corroboration, narrative velocity, independent reporting; fetched by news adapter.",https://www.trendforce.com/news/,https://www.trendforce.com/news/feed/,memory;hbm;foundry;korea;taiwan,Best free DRAM/HBM/NAND pricing & capacity data
counterpoint-research,Counterpoint Research,blog,1,partial,trafilatura,wired,news-rss-daily,"Corroboration, narrative velocity, independent reporting; fetched by news adapter.",https://counterpointresearch.com/,https://counterpointresearch.com/feed/,foundry;hyperscaler;china;korea,Market-share numbers; smartphone-SoC/foundry tracking
anandtech,AnandTech (archive),blog,2,none,trafilatura,wired,news-rss-daily,"Corroboration, narrative velocity, independent reporting; fetched by news adapter.",https://www.anandtech.com/,https://www.anandtech.com/rss/,gpu;server;packaging,Defunct since Aug-2024; archive only — keep for reference search
toms-hardware,Tom's Hardware,news_outlet,1,none,trafilatura,wired,news-rss-daily,"Corroboration, narrative velocity, independent reporting; fetched by news adapter.",https://www.tomshardware.com/,https://www.tomshardware.com/feeds.xml,gpu;server;foundry;packaging,Picks up SemiAccurate / Asianometry leads; consumer + DC coverage
servethehome,ServeTheHome,blog,1,none,trafilatura,wired,news-rss-daily,"Corroboration, narrative velocity, independent reporting; fetched by news adapter.",https://www.servethehome.com/,https://www.servethehome.com/feed/,server;networking;neocloud;cooling;hyperscaler,Patrick Kennedy — DC hardware deep-dives; show-floor coverage
next-platform,The Next Platform,news_outlet,1,none,trafilatura,wired,news-rss-daily,"Corroboration, narrative velocity, independent reporting; fetched by news adapter.",https://www.nextplatform.com/,https://www.nextplatform.com/feed/,hyperscaler;server;networking;gpu;asic,"Timothy Prickett Morgan — HPC/AI infra, hyperscaler economics"
semi-accurate,SemiAccurate,blog,2,partial,trafilatura,wired,news-rss-daily,"Corroboration, narrative velocity, independent reporting; fetched by news adapter.",https://www.semiaccurate.com/,https://www.semiaccurate.com/feed/,gpu;foundry;packaging,Charlie Demerjian — contrarian leaks; some posts subscriber-only
chip-history,ChipsAndCheese,blog,2,none,trafilatura,wired,news-rss-daily,"Corroboration, narrative velocity, independent reporting; fetched by news adapter.",https://chipsandcheese.com/,https://chipsandcheese.com/feed/,gpu;server;packaging,Microarchitecture deep-dives; benchmarks at low level
sec-edgar-8k,SEC EDGAR 8-K Filings,sec_filing,1,none,edgartools,wired,edgar-adapter,"Primary filing evidence for material company events; large scope, keep broad EDGAR late.",https://www.sec.gov/cgi-bin/browse-edgar?action=getcompany&type=8-K,,m_and_a;capex;foundry;gpu;hyperscaler,Pull 8-K/10-Q for AI-infra entity list via edgartools
ir-nvidia,NVIDIA Investor Relations,ir_page,1,none,trafilatura,seeded,ir-via-entity-records,"Official company evidence; current IR adapter polls entity ir_url records, not this source row directly.",https://investor.nvidia.com/,https://nvidianews.nvidia.com/releases.xml,gpu;hyperscaler;networking,Press-release Atom feed; earnings + product launches
ir-amd,AMD Investor Relations,ir_page,1,none,trafilatura,seeded,ir-via-entity-records,"Official company evidence; current IR adapter polls entity ir_url records, not this source row directly.",https://ir.amd.com/,https://ir.amd.com/rss/news-releases.xml,gpu;server,MI3xx/MI4xx roadmap drops here first
ir-tsmc,TSMC Investor Relations,ir_page,1,none,trafilatura,seeded,ir-via-entity-records,"Official company evidence; current IR adapter polls entity ir_url records, not this source row directly.",https://investor.tsmc.com/,,foundry;taiwan;packaging;capex,Monthly revenue + quarterly capex guidance
ir-asml,ASML Investor Relations,ir_page,1,none,trafilatura,seeded,ir-via-entity-records,"Official company evidence; current IR adapter polls entity ir_url records, not this source row directly.",https://www.asml.com/en/investors,,semicap;foundry,EUV/High-NA bookings — leading indicator for foundry capex
ir-amat,Applied Materials IR,ir_page,1,none,trafilatura,seeded,ir-via-entity-records,"Official company evidence; current IR adapter polls entity ir_url records, not this source row directly.",https://ir.appliedmaterials.com/,,semicap;foundry;memory,WFE bellwether
ir-lrcx,Lam Research IR,ir_page,1,none,trafilatura,seeded,ir-via-entity-records,"Official company evidence; current IR adapter polls entity ir_url records, not this source row directly.",https://investor.lamresearch.com/,,semicap;memory,Etch/deposition; NAND-cycle leading indicator
ir-klac,KLA IR,ir_page,1,none,trafilatura,seeded,ir-via-entity-records,"Official company evidence; current IR adapter polls entity ir_url records, not this source row directly.",https://ir.kla.com/,,semicap,Process control / inspection — yield-ramp signal
ir-mu,Micron IR,ir_page,1,none,trafilatura,seeded,ir-via-entity-records,"Official company evidence; current IR adapter polls entity ir_url records, not this source row directly.",https://investors.micron.com/,,memory;hbm,HBM3E/HBM4 ramp commentary
ir-skhynix,SK Hynix IR,ir_page,1,none,trafilatura,seeded,ir-via-entity-records,"Official company evidence; current IR adapter polls entity ir_url records, not this source row directly.",https://www.skhynix.com/eng/ir/irNews.do,,memory;hbm;korea,HBM market leader; quarterly capex
ir-avgo,Broadcom IR,ir_page,1,none,trafilatura,seeded,ir-via-entity-records,"Official company evidence; current IR adapter polls entity ir_url records, not this source row directly.",https://investors.broadcom.com/,,asic;networking;hyperscaler,"Custom-ASIC (Google TPU, Meta MTIA) + Tomahawk switches"
ir-mrvl,Marvell IR,ir_page,2,none,trafilatura,seeded,ir-via-entity-records,"Official company evidence; current IR adapter polls entity ir_url records, not this source row directly.",https://investor.marvell.com/,,asic;networking;optical,Custom ASIC #2 (AWS Trainium); optical DSPs
ir-anet,Arista Networks IR,ir_page,2,none,trafilatura,seeded,ir-via-entity-records,"Official company evidence; current IR adapter polls entity ir_url records, not this source row directly.",https://investors.arista.com/,,networking;hyperscaler,AI back-end Ethernet share
ir-cohr,Coherent IR,ir_page,2,none,trafilatura,seeded,ir-via-entity-records,"Official company evidence; current IR adapter polls entity ir_url records, not this source row directly.",https://investors.coherent.com/,,optical;networking,Datacom transceivers / lasers
ir-lite,Lumentum IR,ir_page,2,none,trafilatura,seeded,ir-via-entity-records,"Official company evidence; current IR adapter polls entity ir_url records, not this source row directly.",https://investor.lumentum.com/,,optical;networking,EML lasers for 800G/1.6T
ir-smci,Super Micro IR,ir_page,1,none,trafilatura,seeded,ir-via-entity-records,"Official company evidence; current IR adapter polls entity ir_url records, not this source row directly.",https://ir.supermicro.com/,,server;neocloud;cooling,GPU-server vendor; liquid-cooling rack pioneer
ir-dell,Dell Technologies IR,ir_page,1,none,trafilatura,seeded,ir-via-entity-records,"Official company evidence; current IR adapter polls entity ir_url records, not this source row directly.",https://investors.delltechnologies.com/,,server;hyperscaler,AI-server backlog disclosures
ir-microsoft,Microsoft IR,ir_page,1,none,trafilatura,seeded,ir-via-entity-records,"Official company evidence; current IR adapter polls entity ir_url records, not this source row directly.",https://www.microsoft.com/en-us/investor,,hyperscaler;capex;software,Azure capex + Maia ASIC
ir-google,Alphabet IR,ir_page,1,none,trafilatura,seeded,ir-via-entity-records,"Official company evidence; current IR adapter polls entity ir_url records, not this source row directly.",https://abc.xyz/investor/,,hyperscaler;asic;capex,TPU roadmap + GCP capex
ir-meta,Meta IR,ir_page,1,none,trafilatura,seeded,ir-via-entity-records,"Official company evidence; current IR adapter polls entity ir_url records, not this source row directly.",https://investor.fb.com/,,hyperscaler;asic;capex,MTIA roadmap; capex guidance
ir-amazon,Amazon IR,ir_page,1,none,trafilatura,seeded,ir-via-entity-records,"Official company evidence; current IR adapter polls entity ir_url records, not this source row directly.",https://ir.aboutamazon.com/,,hyperscaler;asic;capex,Trainium/Inferentia + AWS capex
ir-oracle,Oracle IR,ir_page,1,none,trafilatura,seeded,ir-via-entity-records,"Official company evidence; current IR adapter polls entity ir_url records, not this source row directly.",https://investor.oracle.com/,,hyperscaler;neocloud;capex,OCI GPU buildout + RPO disclosures
ir-coreweave,CoreWeave IR,ir_page,1,none,trafilatura,seeded,ir-via-entity-records,"Official company evidence; current IR adapter polls entity ir_url records, not this source row directly.",https://investors.coreweave.com/,,neocloud;gpu;capex,Largest pure-play neocloud; 8-Ks via SEC
ir-vertiv,Vertiv IR,ir_page,2,none,trafilatura,seeded,ir-via-entity-records,"Official company evidence; current IR adapter polls entity ir_url records, not this source row directly.",https://investors.vertiv.com/,,power;cooling,DC power + liquid-cooling backlog
ir-vistra,Vistra IR,ir_page,2,none,trafilatura,seeded,ir-via-entity-records,"Official company evidence; current IR adapter polls entity ir_url records, not this source row directly.",https://investor.vistracorp.com/,,power;grid,Behind-the-meter nuclear/gas for DC
ir-constellation,Constellation Energy IR,ir_page,1,none,trafilatura,seeded,ir-via-entity-records,"Official company evidence; current IR adapter polls entity ir_url records, not this source row directly.",https://investors.constellationenergy.com/,,power;grid,Three Mile Island restart for MSFT; nuclear PPA bellwether
ir-talen,Talen Energy IR,ir_page,2,none,trafilatura,seeded,ir-via-entity-records,"Official company evidence; current IR adapter polls entity ir_url records, not this source row directly.",https://www.talenenergy.com/investors/,,power;grid,AWS Susquehanna deal; nuclear-DC pioneer
ir-gevernova,GE Vernova IR,ir_page,2,none,trafilatura,seeded,ir-via-entity-records,"Official company evidence; current IR adapter polls entity ir_url records, not this source row directly.",https://www.gevernova.com/investors,,power;grid,Gas turbines + grid equipment lead times
ir-eaton,Eaton IR,ir_page,2,none,trafilatura,seeded,ir-via-entity-records,"Official company evidence; current IR adapter polls entity ir_url records, not this source row directly.",https://www.eaton.com/us/en-us/company/investor-relations.html,,power;grid,Switchgear / busways for hyperscale DCs
ir-quanta,Quanta Services IR,ir_page,2,none,trafilatura,seeded,ir-via-entity-records,"Official company evidence; current IR adapter polls entity ir_url records, not this source row directly.",https://investors.quantaservices.com/,,power;grid,Grid-construction backlog — DC-power constraint
ir-arm,Arm Holdings IR,ir_page,2,none,trafilatura,seeded,ir-via-entity-records,"Official company evidence; current IR adapter polls entity ir_url records, not this source row directly.",https://investors.arm.com/,,ip;server;hyperscaler,Neoverse share in cloud CPUs
nvidia-blog,NVIDIA Blog,blog,1,none,trafilatura,wired,news-rss-daily,"Corroboration, narrative velocity, independent reporting; fetched by news adapter.",https://blogs.nvidia.com/,https://blogs.nvidia.com/feed/,gpu;networking;software,Product launches + technical deep-dives
nvidia-developer-blog,NVIDIA Developer Blog,blog,1,none,trafilatura,wired,news-rss-daily,"Corroboration, narrative velocity, independent reporting; fetched by news adapter.",https://developer.nvidia.com/blog/,https://developer.nvidia.com/blog/feed,gpu;software,CUDA / TensorRT / Triton release notes
azure-blog,Microsoft Azure Blog,blog,1,none,trafilatura,wired,news-rss-daily,"Corroboration, narrative velocity, independent reporting; fetched by news adapter.",https://azure.microsoft.com/en-us/blog/,https://azure.microsoft.com/en-us/blog/feed/,hyperscaler;software;asic,Maia/Cobalt + region buildouts
gcp-blog,Google Cloud Blog,blog,1,none,trafilatura,wired,news-rss-daily,"Corroboration, narrative velocity, independent reporting; fetched by news adapter.",https://cloud.google.com/blog/,https://cloudblog.withgoogle.com/rss/,hyperscaler;asic;software,TPU/Trillium announcements
aws-ml-blog,AWS Machine Learning Blog,blog,1,none,trafilatura,wired,news-rss-daily,"Corroboration, narrative velocity, independent reporting; fetched by news adapter.",https://aws.amazon.com/blogs/machine-learning/,https://aws.amazon.com/blogs/machine-learning/feed/,hyperscaler;asic;software,Trainium/Inferentia + Bedrock
aws-compute-blog,AWS Compute Blog,blog,2,none,trafilatura,wired,news-rss-daily,"Corroboration, narrative velocity, independent reporting; fetched by news adapter.",https://aws.amazon.com/blogs/compute/,https://aws.amazon.com/blogs/compute/feed/,hyperscaler;server,EC2 instance launches; Graviton roadmap
meta-engineering,Meta Engineering,blog,1,none,trafilatura,wired,news-rss-daily,"Corroboration, narrative velocity, independent reporting; fetched by news adapter.",https://engineering.fb.com/,https://engineering.fb.com/feed/,hyperscaler;asic;networking,"MTIA, Grand Teton, OCP contributions"
apple-ml-research,Apple ML Research,blog,2,none,trafilatura,wired,news-rss-daily,"Corroboration, narrative velocity, independent reporting; fetched by news adapter.",https://machinelearning.apple.com/,https://machinelearning.apple.com/rss.xml,software;asic,Apple silicon ML papers; sparse but high signal
oracle-blog,Oracle Cloud Blog,blog,2,none,trafilatura,wired,news-rss-daily,"Corroboration, narrative velocity, independent reporting; fetched by news adapter.",https://blogs.oracle.com/cloud-infrastructure/,https://blogs.oracle.com/cloud-infrastructure/rss,hyperscaler;neocloud,OCI GPU clusters announcements
reddit-hardware,r/hardware,reddit,1,none,reddit_api,seeded,reddit-hardcoded-subreddits,Community weak signals; current adapter uses a hardcoded subreddit list that overlaps this seed list.,https://www.reddit.com/r/hardware/,,gpu;server;foundry,Curated hardware-news sub; high SNR
reddit-semiconductors,r/semiconductors,reddit,1,none,reddit_api,seeded,reddit-hardcoded-subreddits,Community weak signals; current adapter uses a hardcoded subreddit list that overlaps this seed list.,https://www.reddit.com/r/semiconductors/,,foundry;semicap;packaging,Industry-pro discussion; smaller but expert
reddit-amd-stock,r/AMD_Stock,reddit,1,none,reddit_api,seeded,reddit-hardcoded-subreddits,Community weak signals; current adapter uses a hardcoded subreddit list that overlaps this seed list.,https://www.reddit.com/r/AMD_Stock/,,gpu;server,MI300/MI350 customer wins surface here
reddit-nvda-stock,r/NVDA_Stock,reddit,1,none,reddit_api,seeded,reddit-hardcoded-subreddits,Community weak signals; current adapter uses a hardcoded subreddit list that overlaps this seed list.,https://www.reddit.com/r/NVDA_Stock/,,gpu;hyperscaler,Filter for analysis posts; ignore meme threads
reddit-wsb,r/wallstreetbets (filtered),reddit,2,none,reddit_api,seeded,reddit-hardcoded-subreddits,Community weak signals; current adapter uses a hardcoded subreddit list that overlaps this seed list.,https://www.reddit.com/r/wallstreetbets/,,m_and_a;capex,Filter on $NVDA/$AMD/$TSM tickers + DD flair only
reddit-ml,r/MachineLearning,reddit,1,none,reddit_api,seeded,reddit-hardcoded-subreddits,Community weak signals; current adapter uses a hardcoded subreddit list that overlaps this seed list.,https://www.reddit.com/r/MachineLearning/,,software;gpu,Model releases; training-stack discussion
reddit-localllama,r/LocalLLaMA,reddit,1,none,reddit_api,seeded,reddit-hardcoded-subreddits,Community weak signals; current adapter uses a hardcoded subreddit list that overlaps this seed list.,https://www.reddit.com/r/LocalLLaMA/,,gpu;software,GPU benchmarks; quantization tricks; vLLM/llama.cpp updates
reddit-datacenter,r/datacenter,reddit,2,none,reddit_api,seeded,reddit-hardcoded-subreddits,Community weak signals; current adapter uses a hardcoded subreddit list that overlaps this seed list.,https://www.reddit.com/r/datacenter/,,server;cooling;power;neocloud,Operator-side perspective; smaller community
x-dylan522p,@dylan522p (Dylan Patel),x_handle,1,none,x_api,planned,x-not-integrated,Social weak signal; not integrated and not recommended until value/rules are proven.,https://x.com/dylan522p,,foundry;gpu;hyperscaler;hbm,SemiAnalysis founder; live takes during earnings
x-semianalysis,@SemiAnalysis_,x_handle,1,none,x_api,planned,x-not-integrated,Social weak signal; not integrated and not recommended until value/rules are proven.,https://x.com/SemiAnalysis_,,foundry;gpu;hyperscaler,SemiAnalysis house account
x-firstadopter,@firstadopter (Dan Nystedt),x_handle,1,none,x_api,planned,x-not-integrated,Social weak signal; not integrated and not recommended until value/rules are proven.,https://x.com/firstadopter,,taiwan;foundry;hyperscaler,Taipei-based; first to break Taiwan supply-chain news
x-realwillzeng,@realwillzeng (Will Zeng),x_handle,1,none,x_api,planned,x-not-integrated,Social weak signal; not integrated and not recommended until value/rules are proven.,https://x.com/realwillzeng,,china;foundry;restrictions,China-tech translator; SMIC/Huawei chip news
x-stockanalysisco,@stockanalysisco,x_handle,2,none,x_api,planned,x-not-integrated,Social weak signal; not integrated and not recommended until value/rules are proven.,https://x.com/stockanalysisco,,m_and_a;capex,Earnings recaps + capex tables
x-bethkindig,@Beth_Kindig,x_handle,2,none,x_api,planned,x-not-integrated,Social weak signal; not integrated and not recommended until value/rules are proven.,https://x.com/Beth_Kindig,,gpu;hyperscaler;capex,I/O Fund — semis equity research takes
x-jonerlichman,@JonErlichman,x_handle,2,none,x_api,planned,x-not-integrated,Social weak signal; not integrated and not recommended until value/rules are proven.,https://x.com/JonErlichman,,m_and_a;capex,Bloomberg — fast headlines on tech earnings/M&A
x-iancutress,@IanCutress (Dr. Ian Cutress),x_handle,1,none,x_api,planned,x-not-integrated,Social weak signal; not integrated and not recommended until value/rules are proven.,https://x.com/IanCutress,,gpu;server;packaging,TechTechPotato; ex-AnandTech; conference floor reports
x-rwang07,@rwang07,x_handle,2,none,x_api,planned,x-not-integrated,Social weak signal; not integrated and not recommended until value/rules are proven.,https://x.com/rwang07,,taiwan;foundry;packaging,Retired Wang; Taiwan supply-chain leaks
yt-asianometry,Asianometry (YouTube),youtube,1,none,youtube_transcript,seeded,youtube-hardcoded-channels,"Transcript/commentary weak signals; current adapter uses hardcoded channels, not this row directly.",https://www.youtube.com/@Asianometry,https://www.youtube.com/feeds/videos.xml?channel_id=UC0intLFzLaudFG-xAvUEO-A,foundry;semicap;china;taiwan;geopolitics,Best long-form semis history channel
yt-servethehome,ServeTheHome (YouTube),youtube,1,none,youtube_transcript,seeded,youtube-hardcoded-channels,"Transcript/commentary weak signals; current adapter uses hardcoded channels, not this row directly.",https://www.youtube.com/@ServeTheHomeVideo,https://www.youtube.com/feeds/videos.xml?user=ServeTheHome,server;networking;cooling,Hardware tear-downs; show-floor coverage
yt-techtechpotato,TechTechPotato (Ian Cutress),youtube,1,none,youtube_transcript,seeded,youtube-hardcoded-channels,"Transcript/commentary weak signals; current adapter uses hardcoded channels, not this row directly.",https://www.youtube.com/@TechTechPotato,https://www.youtube.com/feeds/videos.xml?user=TechTechPotato,gpu;server;packaging,Conference interviews; chip analyst takes
yt-highyield,High Yield (YouTube),youtube,2,none,youtube_transcript,seeded,youtube-hardcoded-channels,"Transcript/commentary weak signals; current adapter uses hardcoded channels, not this row directly.",https://www.youtube.com/@HighYield,https://www.youtube.com/feeds/videos.xml?user=HighYield,gpu;foundry;packaging,Animated chip-architecture explainers
pod-acquired,Acquired,podcast,2,none,youtube_transcript,seeded,podcast-index-hardcoded-feeds,Long-form commentary metadata; optional-key Podcast Index adapter uses hardcoded feed ids.,https://www.acquired.fm/,https://feeds.transistor.fm/acquired,m_and_a;hyperscaler;foundry,Filter for NVDA/TSMC/ASML episodes
pod-bg2,BG2 Pod (Bill Gurley + Brad Gerstner),podcast,1,none,youtube_transcript,seeded,podcast-index-hardcoded-feeds,Long-form commentary metadata; optional-key Podcast Index adapter uses hardcoded feed ids.,https://www.bg2pod.com/,https://feeds.megaphone.fm/bg2pod,hyperscaler;capex;geopolitics,Frequent NVDA/CoreWeave guest segments
pod-allin,All-In Podcast,podcast,2,none,youtube_transcript,seeded,podcast-index-hardcoded-feeds,Long-form commentary metadata; optional-key Podcast Index adapter uses hardcoded feed ids.,https://www.allinpodcast.co/,https://allinchamathjason.libsyn.com/rss,geopolitics;capex,Macro/AI takes; signal varies
pod-sharptech,Sharp Tech with Ben Thompson,podcast,1,hard,youtube_transcript,seeded,podcast-index-hardcoded-feeds,Long-form commentary metadata; optional-key Podcast Index adapter uses hardcoded feed ids.,https://sharptech.fm/,https://sharptech.fm/feed/podcast,hyperscaler;software;geopolitics,Stratechery audio; mostly subscriber-only
pod-stratechery,Stratechery (audio),podcast,1,hard,youtube_transcript,seeded,podcast-index-hardcoded-feeds,Long-form commentary metadata; optional-key Podcast Index adapter uses hardcoded feed ids.,https://stratechery.com/,https://stratechery.passport.online/feed/podcast/,hyperscaler;geopolitics,Daily Update audio; private feed needs token
conf-hotchips,Hot Chips Symposium,conference,1,none,trafilatura,seeded,not-currently-fetched,"Useful planned source, but no current adapter consumes this row.",https://hotchips.org/,,gpu;asic;server;packaging,Annual Aug; chip architecture disclosures
conf-gtc,NVIDIA GTC,conference,1,none,trafilatura,seeded,not-currently-fetched,"Useful planned source, but no current adapter consumes this row.",https://www.nvidia.com/gtc/,,gpu;software;networking,Mar + Oct; Jensen keynote = product roadmap
conf-computex,Computex Taipei,conference,1,none,trafilatura,seeded,not-currently-fetched,"Useful planned source, but no current adapter consumes this row.",https://www.computextaipei.com.tw/,,gpu;server;taiwan,Jun; Taiwan ODM/OEM news dump
conf-isscc,ISSCC,conference,1,none,trafilatura,seeded,not-currently-fetched,"Useful planned source, but no current adapter consumes this row.",https://www.isscc.org/,,packaging;memory;asic,Feb; circuits-research disclosures
conf-ofc,OFC (Optical Fiber Comm),conference,1,none,trafilatura,seeded,not-currently-fetched,"Useful planned source, but no current adapter consumes this row.",https://www.ofcconference.org/,,optical;networking,Mar; CPO + 1.6T transceiver demos
conf-sc,SC (Supercomputing),conference,1,none,trafilatura,seeded,not-currently-fetched,"Useful planned source, but no current adapter consumes this row.",https://sc25.supercomputing.org/,,server;networking;hyperscaler,Nov; HPC + Top500 list
conf-advancedsemi,IEEE Advanced Semiconductor Mfg Conf,conference,2,none,trafilatura,seeded,not-currently-fetched,"Useful planned source, but no current adapter consumes this row.",https://www.semi.org/en/connect/events/asmc,,foundry;semicap,May; fab process papers
conf-semicon-west,SEMICON West,conference,1,none,trafilatura,seeded,not-currently-fetched,"Useful planned source, but no current adapter consumes this row.",https://www.semiconwest.org/,,semicap;foundry,Jul; WFE industry gathering
conf-semicon-taiwan,SEMICON Taiwan,conference,1,none,trafilatura,seeded,not-currently-fetched,"Useful planned source, but no current adapter consumes this row.",https://www.semicontaiwan.org/,,semicap;foundry;taiwan;packaging,Sep; advanced packaging hub
conf-semicon-japan,SEMICON Japan,conference,2,none,trafilatura,seeded,not-currently-fetched,"Useful planned source, but no current adapter consumes this row.",https://www.semiconjapan.org/,,semicap;japan;packaging,Dec; Japanese chemicals/equipment
conf-semicon-korea,SEMICON Korea,conference,2,none,trafilatura,seeded,not-currently-fetched,"Useful planned source, but no current adapter consumes this row.",https://www.semiconkorea.org/,,semicap;korea;memory;hbm,Feb; HBM + memory equipment
jobs-levels-fyi,Levels.fyi (semis),jobs,1,none,custom,seeded,jobs-hardcoded-targets,Hiring/product-focus signal; current jobs adapter uses hardcoded Greenhouse/Lever/Ashby targets.,https://www.levels.fyi/,,jobs,Comp-band leakage for NVDA/AVGO/AMD
jobs-linkedin-nvda,LinkedIn NVIDIA Jobs,jobs,1,none,custom,seeded,jobs-hardcoded-targets,Hiring/product-focus signal; current jobs adapter uses hardcoded Greenhouse/Lever/Ashby targets.,https://www.linkedin.com/company/nvidia/jobs/,,jobs;gpu,Hiring-velocity by team = roadmap signal
jobs-linkedin-tsmc,LinkedIn TSMC Jobs,jobs,2,none,custom,seeded,jobs-hardcoded-targets,Hiring/product-focus signal; current jobs adapter uses hardcoded Greenhouse/Lever/Ashby targets.,https://www.linkedin.com/company/tsmc/jobs/,,jobs;foundry,Az fab ramp signal
jobs-greenhouse-anthropic,Anthropic Careers (Greenhouse),jobs,2,none,custom,seeded,jobs-hardcoded-targets,Hiring/product-focus signal; current jobs adapter uses hardcoded Greenhouse/Lever/Ashby targets.,https://boards.greenhouse.io/anthropic,,jobs;hyperscaler,JSON endpoint at /embed/job_board?for=anthropic
jobs-greenhouse-coreweave,CoreWeave Careers,jobs,1,none,custom,seeded,jobs-hardcoded-targets,Hiring/product-focus signal; current jobs adapter uses hardcoded Greenhouse/Lever/Ashby targets.,https://www.coreweave.com/careers,,jobs;neocloud,Site-buildout signal: DC-ops postings
jobs-greenhouse-openai,OpenAI Careers,jobs,2,none,custom,seeded,jobs-hardcoded-targets,Hiring/product-focus signal; current jobs adapter uses hardcoded Greenhouse/Lever/Ashby targets.,https://openai.com/careers/search,,jobs;hyperscaler,Stargate-related infra hires
gov-bis,US BIS Export Controls,government,1,none,trafilatura,seeded,gov-hardcoded-feeds,Policy/regulatory primary evidence; current gov adapter uses hardcoded feeds/APIs.,https://www.bis.doc.gov/,https://www.bis.doc.gov/index.php/component/ninjarsssyndicator/?feed_id=1&format=raw,restrictions;china;geopolitics,Entity List adds + AI diffusion rule updates
gov-chips-act,US CHIPS Program Office,government,1,none,trafilatura,seeded,gov-hardcoded-feeds,Policy/regulatory primary evidence; current gov adapter uses hardcoded feeds/APIs.,https://www.nist.gov/chips,,foundry;capex;geopolitics,CHIPS Act award notices
gov-federal-register,Federal Register (semis tag),government,1,none,trafilatura,seeded,gov-hardcoded-feeds,Policy/regulatory primary evidence; current gov adapter uses hardcoded feeds/APIs.,https://www.federalregister.gov/topics/commerce-trade,https://www.federalregister.gov/api/v1/documents.rss?conditions[topics][]=commerce-trade,restrictions;geopolitics,Authoritative source for export-control rule text
gov-taiwan-moea,Taiwan MOEA,government,2,none,trafilatura,seeded,gov-hardcoded-feeds,Policy/regulatory primary evidence; current gov adapter uses hardcoded feeds/APIs.,https://www.moea.gov.tw/MNS/english/home/English.aspx,,taiwan;foundry;geopolitics,Investment Commission TSMC-overseas approvals
gov-japan-meti,METI Japan,government,2,none,trafilatura,seeded,gov-hardcoded-feeds,Policy/regulatory primary evidence; current gov adapter uses hardcoded feeds/APIs.,https://www.meti.go.jp/english/,,japan;foundry;semicap,Rapidus + JASM subsidy notices
gov-china-miit,MIIT China,government,2,none,trafilatura,seeded,gov-hardcoded-feeds,Policy/regulatory primary evidence; current gov adapter uses hardcoded feeds/APIs.,https://www.miit.gov.cn/,,china;foundry;geopolitics,Chinese-language; translate pipeline needed
gov-eu-chips,EU Chips Act,government,2,none,trafilatura,seeded,gov-hardcoded-feeds,Policy/regulatory primary evidence; current gov adapter uses hardcoded feeds/APIs.,https://digital-strategy.ec.europa.eu/en/policies/european-chips-act,,foundry;capex;geopolitics,"EU subsidy approvals (TSMC Dresden, Intel Magdeburg)"
assoc-semi-org,SEMI.org,industry_assoc,1,none,trafilatura,seeded,not-currently-fetched,"Useful planned source, but no current adapter consumes this row.",https://www.semi.org/en,,semicap;foundry,WFE billings monthly book-to-bill
assoc-sia,Semiconductor Industry Association,industry_assoc,1,none,trafilatura,seeded,not-currently-fetched,"Useful planned source, but no current adapter consumes this row.",https://www.semiconductors.org/,,foundry;geopolitics,Monthly WSTS billings; US policy advocacy
assoc-pcie-sig,PCI-SIG,industry_assoc,2,none,trafilatura,seeded,not-currently-fetched,"Useful planned source, but no current adapter consumes this row.",https://pcisig.com/,,networking;server,PCIe 7.0 spec releases
assoc-cxl,Compute Express Link Consortium,industry_assoc,2,none,trafilatura,seeded,not-currently-fetched,"Useful planned source, but no current adapter consumes this row.",https://www.computeexpresslink.org/,,networking;memory;server,CXL 3.x adoption news
assoc-uec,Ultra Ethernet Consortium,industry_assoc,2,none,trafilatura,seeded,not-currently-fetched,"Useful planned source, but no current adapter consumes this row.",https://ultraethernet.org/,,networking;hyperscaler,Ethernet-for-AI alternative to InfiniBand
assoc-ualink,UALink Consortium,industry_assoc,2,none,trafilatura,seeded,not-currently-fetched,"Useful planned source, but no current adapter consumes this row.",https://ualinkconsortium.org/,,networking;gpu,NVLink alternative; AMD/Intel/Broadcom backed
assoc-ocp,Open Compute Project,industry_assoc,2,none,trafilatura,seeded,not-currently-fetched,"Useful planned source, but no current adapter consumes this row.",https://www.opencompute.org/,,server;networking;cooling;hyperscaler,Hyperscaler hardware-design contributions
assoc-jedec,JEDEC,industry_assoc,2,none,trafilatura,seeded,not-currently-fetched,"Useful planned source, but no current adapter consumes this row.",https://www.jedec.org/,,memory;hbm,HBM4 / DDR6 spec releases
gh-cutlass,NVIDIA/cutlass,github,1,none,rss_only,seeded,github-hardcoded-repos,Repo release/activity signals; current adapter uses a hardcoded repo list that overlaps this seed list.,https://github.com/NVIDIA/cutlass,https://github.com/NVIDIA/cutlass/releases.atom,gpu;software,CUDA matmul kernels; new arch support lands here
gh-tensorrt-llm,NVIDIA/TensorRT-LLM,github,1,none,rss_only,seeded,github-hardcoded-repos,Repo release/activity signals; current adapter uses a hardcoded repo list that overlaps this seed list.,https://github.com/NVIDIA/TensorRT-LLM,https://github.com/NVIDIA/TensorRT-LLM/releases.atom,gpu;software,Model-serving optimization for NV GPUs
gh-vllm,vllm-project/vllm,github,1,none,rss_only,seeded,github-hardcoded-repos,Repo release/activity signals; current adapter uses a hardcoded repo list that overlaps this seed list.,https://github.com/vllm-project/vllm,https://github.com/vllm-project/vllm/releases.atom,gpu;software,OSS LLM inference; HW support cadence = adoption
gh-llamacpp,ggerganov/llama.cpp,github,1,none,rss_only,seeded,github-hardcoded-repos,Repo release/activity signals; current adapter uses a hardcoded repo list that overlaps this seed list.,https://github.com/ggerganov/llama.cpp,https://github.com/ggerganov/llama.cpp/releases.atom,gpu;software,CPU/Apple/AMD/NV inference; quantization frontier
gh-pytorch,pytorch/pytorch,github,1,none,rss_only,seeded,github-hardcoded-repos,Repo release/activity signals; current adapter uses a hardcoded repo list that overlaps this seed list.,https://github.com/pytorch/pytorch,https://github.com/pytorch/pytorch/releases.atom,software;gpu,Backend support PRs reveal HW partnerships
gh-triton,triton-lang/triton,github,2,none,rss_only,seeded,github-hardcoded-repos,Repo release/activity signals; current adapter uses a hardcoded repo list that overlaps this seed list.,https://github.com/triton-lang/triton,https://github.com/triton-lang/triton/releases.atom,software;gpu,OpenAI Triton; AMD/Intel backend progress
gh-jax,jax-ml/jax,github,2,none,rss_only,seeded,github-hardcoded-repos,Repo release/activity signals; current adapter uses a hardcoded repo list that overlaps this seed list.,https://github.com/jax-ml/jax,https://github.com/jax-ml/jax/releases.atom,software;asic,TPU-native framework; XLA changes
gh-rocm,ROCm/ROCm,github,2,none,rss_only,seeded,github-hardcoded-repos,Repo release/activity signals; current adapter uses a hardcoded repo list that overlaps this seed list.,https://github.com/ROCm/ROCm,https://github.com/ROCm/ROCm/releases.atom,gpu;software,AMD GPU stack; MI3xx support cadence
bloomberg-tech,Bloomberg Technology,news_outlet,2,hard,trafilatura,wired,news-rss-daily,"Corroboration, narrative velocity, independent reporting; fetched by news adapter.",https://www.bloomberg.com/technology,https://feeds.bloomberg.com/technology/news.rss,m_and_a;capex;geopolitics,Breaking on chip-deals; mostly paywalled
reuters-tech,Reuters Technology,news_outlet,2,none,trafilatura,wired,news-rss-daily,"Corroboration, narrative velocity, independent reporting; fetched by news adapter.",https://www.reuters.com/technology/,https://www.reutersagency.com/feed/?best-topics=tech&post_type=best,m_and_a;geopolitics;capex,Asia bureau strong on TSMC/Samsung
ft-tech,FT Technology,news_outlet,2,hard,trafilatura,wired,news-rss-daily,"Corroboration, narrative velocity, independent reporting; fetched by news adapter.",https://www.ft.com/technology,https://www.ft.com/technology?format=rss,m_and_a;geopolitics,EU + ASML scoops
nikkei-asia,Nikkei Asia,news_outlet,2,hard,trafilatura,wired,news-rss-daily,"Corroboration, narrative velocity, independent reporting; fetched by news adapter.",https://asia.nikkei.com/,https://asia.nikkei.com/rss/feed/nar,japan;taiwan;korea;foundry,Japan/Taiwan supply-chain reporting
wsj-tech,WSJ Tech,news_outlet,2,hard,trafilatura,wired,news-rss-daily,"Corroboration, narrative velocity, independent reporting; fetched by news adapter.",https://www.wsj.com/news/technology,https://feeds.a.dj.com/rss/RSSWSJD.xml,m_and_a;capex;geopolitics,WSJ Pro Tech for deal scoops
barrons,Barron's,news_outlet,2,hard,trafilatura,wired,news-rss-daily,"Corroboration, narrative velocity, independent reporting; fetched by news adapter.",https://www.barrons.com/,https://feeds.a.dj.com/rss/RSSMarketsMain.xml,capex;m_and_a,Sell-side recaps; semis weekly
cnbc-tech,CNBC Technology,news_outlet,2,none,trafilatura,wired,news-rss-daily,"Corroboration, narrative velocity, independent reporting; fetched by news adapter.",https://www.cnbc.com/technology/,https://www.cnbc.com/id/19854910/device/rss/rss.html,m_and_a;hyperscaler,Earnings live takes; chip-CEO interviews
theregister,The Register,news_outlet,2,none,trafilatura,wired,news-rss-daily,"Corroboration, narrative velocity, independent reporting; fetched by news adapter.",https://www.theregister.com/,https://www.theregister.com/headlines.atom,server;networking;software,Enterprise IT; sometimes early on hyperscaler outages
hpcwire,HPCwire,news_outlet,2,none,trafilatura,wired,news-rss-daily,"Corroboration, narrative velocity, independent reporting; fetched by news adapter.",https://www.hpcwire.com/,https://www.hpcwire.com/feed/,server;hyperscaler,HPC/AI cluster news
datacenterdynamics,Data Center Dynamics,news_outlet,2,none,trafilatura,wired,news-rss-daily,"Corroboration, narrative velocity, independent reporting; fetched by news adapter.",https://www.datacenterdynamics.com/,https://www.datacenterdynamics.com/en/rss/,neocloud;power;cooling,DC-construction announcements + power deals
datacenterknowledge,Data Center Knowledge,news_outlet,2,none,trafilatura,wired,news-rss-daily,"Corroboration, narrative velocity, independent reporting; fetched by news adapter.",https://www.datacenterknowledge.com/,https://www.datacenterknowledge.com/rss.xml,neocloud;power;cooling,Operator-focused DC news
blocksandfiles,Blocks & Files,blog,2,none,trafilatura,wired,news-rss-daily,"Corroboration, narrative velocity, independent reporting; fetched by news adapter.",https://blocksandfiles.com/,https://blocksandfiles.com/feed/,memory;server;networking,Storage/memory industry deep-dives
storagereview,StorageReview,blog,2,none,trafilatura,wired,news-rss-daily,"Corroboration, narrative velocity, independent reporting; fetched by news adapter.",https://www.storagereview.com/,https://www.storagereview.com/feed,memory;server,SSD/HBM benchmarks
techcrunch,TechCrunch,news_outlet,2,none,trafilatura,wired,news-rss-daily,"Corroboration, narrative velocity, independent reporting; fetched by news adapter.",https://techcrunch.com/,https://techcrunch.com/feed/,m_and_a;software,AI startup funding rounds
theverge-ai,The Verge — AI,news_outlet,2,none,trafilatura,wired,news-rss-daily,"Corroboration, narrative velocity, independent reporting; fetched by news adapter.",https://www.theverge.com/ai-artificial-intelligence,https://www.theverge.com/rss/ai-artificial-intelligence/index.xml,software;hyperscaler,AI product launches; consumer-facing
ars-technica,Ars Technica,news_outlet,2,none,trafilatura,wired,news-rss-daily,"Corroboration, narrative velocity, independent reporting; fetched by news adapter.",https://arstechnica.com/,https://feeds.arstechnica.com/arstechnica/index,gpu;server;software,Detailed product reviews + deep enterprise pieces
economist-business,The Economist — Business,news_outlet,2,hard,trafilatura,wired,news-rss-daily,"Corroboration, narrative velocity, independent reporting; fetched by news adapter.",https://www.economist.com/business/,https://www.economist.com/business/rss.xml,geopolitics;m_and_a,Strategic / macro framing
rcr-wireless,RCR Wireless,news_outlet,2,none,trafilatura,wired,news-rss-daily,"Corroboration, narrative velocity, independent reporting; fetched by news adapter.",https://www.rcrwireless.com/,https://www.rcrwireless.com/feed,networking,5G/edge infra; cross-over with DC networking
lightreading,Light Reading,news_outlet,2,none,trafilatura,wired,news-rss-daily,"Corroboration, narrative velocity, independent reporting; fetched by news adapter.",https://www.lightreading.com/,https://www.lightreading.com/rss_simple.asp,optical;networking,Optical/transport networking
fierce-network,Fierce Network,news_outlet,2,none,trafilatura,wired,news-rss-daily,"Corroboration, narrative velocity, independent reporting; fetched by news adapter.",https://www.fierce-network.com/,https://www.fierce-network.com/rss.xml,networking;hyperscaler,Telco + DC interconnect
sub-fabricatedknowledge,Fabricated Knowledge (Doug O'Laughlin),blog,3,partial,trafilatura,deferred,news-rss-tier3,Lower-priority corroboration; not fetched by default tier_max=2 daily run.,https://www.fabricatedknowledge.com/,https://www.fabricatedknowledge.com/feed,foundry;semicap;m_and_a,Sell-side-style semis equity research
sub-mulesmusings,Mule's Musings,blog,3,partial,trafilatura,deferred,news-rss-tier3,Lower-priority corroboration; not fetched by default tier_max=2 daily run.,https://www.mule.gg/,https://www.mule.gg/feed,foundry;capex,Quant-flavored semis takes
sub-asianometry-written,Asianometry (Substack),blog,3,partial,trafilatura,deferred,news-rss-tier3,Lower-priority corroboration; not fetched by default tier_max=2 daily run.,https://asianometry.substack.com/,https://asianometry.substack.com/feed,foundry;china;taiwan,Written companion to YT channel
sub-coreweave-insider,CoreWeave Insider,blog,3,partial,trafilatura,deferred,news-rss-tier3,Lower-priority corroboration; not fetched by default tier_max=2 daily run.,https://coreweaveinsider.substack.com/,https://coreweaveinsider.substack.com/feed,neocloud;capex,Niche CRWV-focused tracker
sub-chiprally,Chip Capital,blog,3,partial,trafilatura,deferred,news-rss-tier3,Lower-priority corroboration; not fetched by default tier_max=2 daily run.,https://chipcapital.substack.com/,https://chipcapital.substack.com/feed,foundry;semicap,Industry insider commentary
sub-irrational-analysis,Irrational Analysis,blog,3,partial,trafilatura,deferred,news-rss-tier3,Lower-priority corroboration; not fetched by default tier_max=2 daily run.,https://irrationalanalysis.substack.com/,https://irrationalanalysis.substack.com/feed,gpu;foundry;asic,Sharp engineering-driven semis takes
sub-jeffrey-emanuel,Pleias / Jeffrey Emanuel,blog,3,none,trafilatura,seeded,no-rss-for-news-adapter,Curated source but not fetched by current RSS news adapter.,https://www.youtube.com/@JeffreyEmanuel,,gpu;software,Occasional NVDA-bear long-form pieces
substack-mosesman,Moses Sternstein,blog,3,partial,trafilatura,deferred,news-rss-tier3,Lower-priority corroboration; not fetched by default tier_max=2 daily run.,https://randomwalk.substack.com/,https://randomwalk.substack.com/feed,capex;geopolitics,Macro + tech crossover
forum-realworldtech,RealWorldTech Forums,forum,3,none,custom,seeded,not-currently-fetched,"Useful planned source, but no current adapter consumes this row.",https://www.realworldtech.com/forum/,,gpu;server;packaging,Where chip architects argue; David Kanter ran
forum-anandtech-forums,AnandTech Forums (CPU/GPU),forum,3,none,custom,seeded,not-currently-fetched,"Useful planned source, but no current adapter consumes this row.",https://forums.anandtech.com/,,gpu;server,Long-running enthusiast / leaker forum
forum-beyond3d,Beyond3D Forums,forum,3,none,custom,seeded,not-currently-fetched,"Useful planned source, but no current adapter consumes this row.",https://forum.beyond3d.com/,,gpu,GPU-architecture enthusiasts
ml-tldr-ai,TLDR AI Newsletter,mailing_list,3,none,trafilatura,seeded,has-rss-not-read-by-news-type-filter,Technical/community weak source; current news adapter skips this type.,https://tldr.tech/ai,https://tldr.tech/api/rss/ai,software;gpu,Daily AI digest; light but broad
ml-import-ai,Import AI (Jack Clark),mailing_list,3,none,trafilatura,seeded,has-rss-not-read-by-news-type-filter,Technical/community weak source; current news adapter skips this type.,https://importai.substack.com/,https://importai.substack.com/feed,software;geopolitics,Anthropic policy lead; weekly
ml-the-batch,The Batch (DeepLearning.AI),mailing_list,3,none,trafilatura,seeded,has-rss-not-read-by-news-type-filter,Technical/community weak source; current news adapter skips this type.,https://www.deeplearning.ai/the-batch/,https://www.deeplearning.ai/the-batch/feed/,software,Andrew Ng's weekly AI roundup
ml-chinatalk,ChinaTalk,mailing_list,3,partial,trafilatura,seeded,has-rss-not-read-by-news-type-filter,Technical/community weak source; current news adapter skips this type.,https://www.chinatalk.media/,https://www.chinatalk.media/feed,china;geopolitics;restrictions,Jordan Schneider — China tech policy
ml-stratechery-weekly,Stratechery Weekly Articles (free),mailing_list,3,none,trafilatura,seeded,has-rss-not-read-by-news-type-filter,Technical/community weak source; current news adapter skips this type.,https://stratechery.com/category/articles/,https://stratechery.com/category/articles/feed/,hyperscaler;software,Free weekly; no Daily Updates
ir-intel,Intel IR,ir_page,2,none,trafilatura,seeded,ir-via-entity-records,"Official company evidence; current IR adapter polls entity ir_url records, not this source row directly.",https://www.intc.com/,,foundry;server;gpu,IFS + Gaudi + roadmap drift
ir-samsung,Samsung Electronics IR,ir_page,2,none,trafilatura,seeded,ir-via-entity-records,"Official company evidence; current IR adapter polls entity ir_url records, not this source row directly.",https://www.samsung.com/global/ir/,,memory;hbm;foundry;korea,DRAM/NAND + GAA-foundry struggles
ir-tokyoelectron,Tokyo Electron IR,ir_page,2,none,trafilatura,seeded,ir-via-entity-records,"Official company evidence; current IR adapter polls entity ir_url records, not this source row directly.",https://www.tel.com/ir/,,semicap;japan,Japan WFE leader; bookings
ir-disco,Disco Corporation IR,ir_page,2,none,trafilatura,seeded,ir-via-entity-records,"Official company evidence; current IR adapter polls entity ir_url records, not this source row directly.",https://www.disco.co.jp/eg/ir/,,semicap;packaging;japan,Dicing/grinding for HBM stacking
ir-besi,BE Semiconductor IR,ir_page,2,none,trafilatura,seeded,ir-via-entity-records,"Official company evidence; current IR adapter polls entity ir_url records, not this source row directly.",https://www.besi.com/investor-relations/,,semicap;packaging,Hybrid bonding for 3D packaging
ir-cadence,Cadence Design IR,ir_page,2,none,trafilatura,seeded,ir-via-entity-records,"Official company evidence; current IR adapter polls entity ir_url records, not this source row directly.",https://www.cadence.com/en_US/home/company/investor-relations.html,,eda;ip,EDA bookings = chip-design pipeline
ir-synopsys,Synopsys IR,ir_page,2,none,trafilatura,seeded,ir-via-entity-records,"Official company evidence; current IR adapter polls entity ir_url records, not this source row directly.",https://investor.synopsys.com/,,eda;ip,Ansys merger + EDA leader
ir-credo,Credo Technology IR,ir_page,2,none,trafilatura,seeded,ir-via-entity-records,"Official company evidence; current IR adapter polls entity ir_url records, not this source row directly.",https://investors.credosemi.com/,,networking;optical,AECs for AI back-end networks
ir-astera,Astera Labs IR,ir_page,2,none,trafilatura,seeded,ir-via-entity-records,"Official company evidence; current IR adapter polls entity ir_url records, not this source row directly.",https://investors.asteralabs.com/,,networking;server,PCIe retimers for GPU clusters
ir-monolithic-power,Monolithic Power IR,ir_page,2,none,trafilatura,seeded,ir-via-entity-records,"Official company evidence; current IR adapter polls entity ir_url records, not this source row directly.",https://www.monolithicpower.com/en/company/investor-relations.html,,power;server,GPU-board VRMs; NVDA design-win share
ir-nebius,Nebius IR,ir_page,2,none,trafilatura,seeded,ir-via-entity-records,"Official company evidence; current IR adapter polls entity ir_url records, not this source row directly.",https://group.nebius.com/investor-hub,,neocloud;gpu,EU-listed neocloud (ex-Yandex)
ir-iren,IREN (Iris Energy) IR,ir_page,2,none,trafilatura,seeded,ir-via-entity-records,"Official company evidence; current IR adapter polls entity ir_url records, not this source row directly.",https://investors.iren.com/,,neocloud;power,Bitcoin-miner pivot to AI hosting
ir-applieddigital,Applied Digital IR,ir_page,2,none,trafilatura,seeded,ir-via-entity-records,"Official company evidence; current IR adapter polls entity ir_url records, not this source row directly.",https://ir.applieddigital.com/,,neocloud;power,ND HPC site; CRWV anchor tenant
